attr_tract,HBO,HBShop,HBW,NHB,tothh,retl,manu,offi,gved,othr,totemp
53033000100,8918.300526833818,1023.9426410064896,6150.605427268217,470.203608114245,3779,508,121,680,28,199,1535
53033000200,25786.84108471043,148.13018462442383,0,10282.166218645758,3654,146,0,605,264,117,1189
53033000300,38.9776939130205,12.9925646376735,0,850.092228227353,1187,50,0,574,0,0,766
53033000401,1215.001112168588,477.8623408772501,83.1000000000004,2788.6539025989614,3760,385,0,773,211,99,1467
53033000402,5079.201321768174,352.9180805875243,0,5304.380605937295,2437,97,53,981,27,124,1281
53033000500,0,0,0,98.9304435350703,1251,0,0,96,2,93,197
53033000600,9786.705020375039,4217.268178519106,1936.9525929682472,32234.168725099284,3413,997,0,4017,527,101,6553
53033000700,5659.09046658748,32.37277097333316,177.94155772539713,4202.364744922833,2222,315,0,967,19,89,1493
53033000800,1652.645840609982,1.0768688036748475,0,2217.6708134447904,1067,0,0,33,61,15,125
53033000900,2074.899388820691,0,0,4.25,868,0,0,80,0,5,121
53033001000,805.7391763475501,552.704248696292,383.1250900194766,186.300000000003,765,45,0,475,436,15,1010
53033001100,0,0,8.66706154359484,0,1092,106,0,228,0,32,399
53033001200,13192.201302626783,2762.1503192568935,3871.305049201022,14166.3314706862,3781,2164,40,3947,61,47,6261
53033001300,2290.9580453839794,524.6426463183332,141.28517183413732,3444.7751431212064,2263,97,92,842,767,648,2447
53033001400,17850.939084746657,372.3671528626183,0,828.7676094624929,2333,289,0,478,61,23,909
53033001500,500.165327415628,0,0,0,1118,0,0,53,0,39,95
53033001600,7756.521382964701,561.843345997382,528.3975472795196,3165.201284744409,1858,212,0,456,182,87,970
53033001701,6481.965990534368,1436.1107781476976,127.60596302916593,2069.237828522974,2000,479,0,761,22,37,1317
53033001702,294.7751648689878,0,11.9363278043855,280.3220590890682,2274,0,17,748,1,79,856
53033001800,2421.8400961278753,1300.2661917371015,106.47439919026479,1524.4800252417883,2289,67,0,321,21,18,478
53033001900,9627.138187184983,980.9389115015832,827.5181589401533,1943.8314155617466,2264,32,0,3487,827,207,4553
53033002000,180.83824105002316,27.2216128790218,292.692228227353,622.9140376853751,1668,75,8,280,53,73,490
53033002100,16370.076995651549,334.799999989628,41.567722060922,3243.0437959633045,1782,19,0,644,66,17,761
53033002200,125.81445821304331,0,2.125,158.2291878185198,2306,0,0,510,0,41,587
53033002400,2040.9747924976102,286.9077250710114,334.799999989628,171.649999994814,1309,0,0,214,132,0,415
53033002500,2295.9724329819214,0,1642.316421115962,218.30970777470347,1311,84,0,586,12,33,772
53033002600,2529.844581418072,610.184205143056,4.031410517093812,965.1732431543116,1935,135,0,488,200,56,956
53033002700,3225.3364927721736,40.58415814791686,951.7670659610686,3272.2531972278607,2462,152,0,775,170,77,1235
53033002800,494.575777818954,37.6606104919371,52.1340974021145,91.96677310686692,2179,94,0,902,33,48,1096
53033002900,1281.2309041343055,52.48200026680977,118.17698629221438,54.36205634168375,1953,131,0,444,47,96,729
53033003000,2131.5339915260856,22.89158348883743,0,1230.8680731058762,2608,136,0,491,52,63,767
53033003100,3229.7591381690345,0,0,128.630584131294,2779,35,0,363,55,75,563
53033003200,3867.3170891339323,92.24256425000878,276.82513851579324,1266.7854610657078,4251,96,191,1546,398,278,2508
53033003300,12512.44941684935,20.775,530.0117101351369,1397.3165202583757,3301,58,13,538,329,104,1044
53033003400,2852.143631939541,28.36013194347236,1121.92383320865,53.2289391697144,1550,29,0,365,61,29,491
53033003500,932.3436501380596,0,148.87196872538712,453.45011186770273,1881,31,74,1407,0,71,1604
53033003600,8802.227367664762,397.85432757931466,150.89554338445691,2914.7571109006885,3542,473,29,2224,82,137,2945
53033003800,10038.145184141424,9.79291285882856,0,173.93728166857227,868,0,0,266,135,0,414
53033003900,10539.599999673503,0,657.6593312599424,0,1191,149,0,218,75,33,487
53033004000,3821.6820357611377,0,901.9094548485962,1927.8477092314376,1393,0,0,635,812,0,1461
53033004100,3177.3603775753645,11782.683913575444,2922.1280365716075,2262.2183023019084,2879,44,0,111,133,111,0
53033004200,4473.036856186451,288.4998895968479,635.1928336961281,5282.684747834417,3331,0,56,856,102,54,1255
53033004301,5986.280130673054,1761.5657006088084,1452.4514831157458,13203.247165030138,1450,1479,53,2180,0,53,3764
53033004302,1715.2269392501403,706.826286430824,5.009976775267013,243.31362875956518,1511,0,0,483,2,0,534
53033004400,12811.423248983185,1726.6170926273353,3006.4084271846195,5606.812946835926,2686,330,0,971,60,59,1419
53033004500,443.18373686332944,128.730961456766,13.75353525549177,96.56699342938555,1024,0,0,319,78,38,472
53033004600,8130.559272063598,538.2484186772781,53.94446876698933,14853.119524713806,1447,0,0,287,59,38,395
53033004700,32000.381489131247,8163.622684302845,7322.262459949613,17252.567290752104,5328,1598,1057,7469,204,1410,11739
53033004800,2188.60477069592,0,374.36120780209757,283.07041585330074,2202,142,201,1023,40,370,1777
53033004900,2461.221163001098,518.17968466923,7388.853512207467,6800.969975068493,3754,345,575,3868,96,262,5145
53033005000,11701.199805866254,450.4282798054934,647.2058630484361,4905.732736368083,2061,208,0,1554,516,165,2546
53033005100,3436.6897899317137,390.0048474231084,28.2388972866165,2457.786772960308,1655,147,0,953,0,16,1128
53033005200,8246.201468496034,671.8861029482645,1329.0976851492069,3642.260835797595,2959,419,0,1298,83,144,2069
53033005301,37052.06835704018,4747.2142858029,17849.261642318757,25908.130276155603,2864,901,0,2539,60,0,3530
53033005302,18622.927823932507,621.9005277692826,72593.86481063947,16609.621642971244,127,114,0,511,28894,55,29584
53033005400,7773.244807039331,64.6738239075409,1966.7328028303605,1080.587506548859,3028,247,156,4809,131,1230,6572
53033005600,1658.4892448550631,0,9922.24233319904,632.5108104190801,2678,78,10,626,12,64,790
53033005700,5042.437336489075,2317.326614636,19913.490450426758,3388.7427759902216,2850,217,0,747,338,170,1790
53033005801,936.0723152500241,8.76574470149073,1158.054278084958,657.8696969606268,2758,147,1020,1683,68,1219,4137
53033005802,18149.270638868067,501.3973389969877,3044.1594254425117,1875.1419738285329,2858,327,1027,1203,192,782,3531
53033005900,605.1313160893511,149.98058446022094,2699.3774022391567,55.70075968281875,2771,65,700,1750,141,835,3493
53033006000,5504.536248858249,0,905.6061683794856,956.7005079802263,2595,78,46,2002,55,329,2510
53033006100,8187.959684475464,1345.3414466000854,6148.767515037476,9410.991133306992,2984,184,59,2554,128,202,3126
53033006200,19753.588557417457,1005.47766048441,1016.7188802408183,938.2675331798316,1651,42,0,766,85,9,917
53033006300,5404.83433934523,1938.8096181500614,6.346607225137083,10010.05448162328,2631,146,65,1296,51,77,1636
53033006400,3182.22496279259,0,637.512714342219,1111.6797191238984,1369,0,33,282,62,42,457
53033006500,2052.4059018476596,0,526.3482097831139,1024.6763875468498,2481,24,0,492,117,43,675
53033006600,3401.110064927902,1089.9351749678942,33028.10861973158,2408.508095376095,2390,0,411,8468,29,120,9219
53033006700,23259.10269635119,37.56785477414132,8624.801576521713,4064.1470811734584,4728,108,61,5328,211,744,6451
53033006800,3531.613204722605,2882.0224640855336,51.6780175537937,1513.7102507351344,1389,405,0,1597,216,29,2266
53033006900,7938.5229771353215,2398.581010626381,0,3467.042744600945,2299,48,0,894,10,30,982
53033007000,3888.2698912138785,545.9260698615742,945.8143179424213,23007.575665854758,5035,247,0,1882,76,61,2265
53033007100,8224.670325743562,630.1919365889821,3165.592755409742,2479.6683279355657,2883,256,693,7705,1499,1740,11894
53033007200,6402.505949853431,775.4363015089796,46052.324806610326,20276.260754200342,5974,623,490,17352,1542,1740,21747
53033007300,6995.255865547163,755.5947898444128,41077.240772519115,15140.91369875948,4291,0,0,21046,756,1626,57092
53033007401,3875.5812795483344,606.7117258414032,0,2184.145393723299,3654,208,0,480,15,0,737
53033007402,2554.4732905847354,370.7805260770639,973.0664036680997,2264.2321487946215,3529,79,0,778,8,0,910
53033007500,14296.321577070497,1612.5592649582582,6619.796927815782,9107.344346959282,5753,549,168,5035,203,313,6268
53033007600,3248.305749657004,1351.076628949211,557.898051191577,1833.7708853705535,2180,94,0,1202,68,14,1380
53033007700,684.1353390774929,24.799462460098,2315.366365083488,354.28297006141133,2377,164,0,745,0,37,953
53033007800,4339.385746165055,825.9705845259355,68.00997730845246,147.11508264133371,2291,58,0,2501,119,167,2961
53033007900,9718.915136401476,4275.994794054549,162.1107005750956,3781.9577190516598,3313,421,0,1807,0,88,2451
53033008001,5417.366139713932,417.67096177342063,7706.156128787469,3781.136970657183,4507,0,884,5836,1079,1217,10633
53033008002,60390.96513481217,359.04247739977734,7407.89882870982,68722.87456263576,2479,299,346,5431,40,894,7010
53033008100,83765.160002846,6530.573226948997,102408.0202491197,238682.23198917814,2748,2500,658,54819,10151,2612,70740
53033008200,5404.1618861834495,899.0403215545784,31989.52111344414,13183.445172285883,2810,2801,18,23521,1155,895,28392
53033008300,2037.0081559002872,12677.548613492925,17093.195325256547,1161.1915875070242,2103,86,0,6793,0,0,6897
53033008400,6373.483671511292,1659.380511450326,7976.6536376554695,13737.361519673444,3108,486,0,8263,904,47,9750
53033008500,1711.3741027015571,7483.021693337065,30026.889211400183,21627.3829751829,1928,286,13,3913,11976,0,16196
53033008600,13167.674651019963,26.1132031449059,10080.235051333517,15674.071173976976,2042,0,0,4589,296,9,5158
53033008700,1793.6755490171925,554.7285951232699,2075.6587760061184,353.06199376786054,1899,24,11,4112,209,0,4366
53033008800,742.9402136590228,0,365.4897053855252,822.3400240871213,1642,77,0,328,187,18,615
53033008900,5372.18932459205,3687.7735313615763,284.15761404700373,1891.617748096731,2380,76,0,1783,19,25,1961
53033009000,2388.579719139357,266.937412219628,1510.4302354885212,6907.290433172421,1833,901,0,2263,320,243,4217
53033009100,2407.0823594310164,122.2415502345917,4814.270971796127,10525.12975380344,1527,126,70,2510,168,0,2938
53033009200,723.6931538545427,53.69876398333864,3988.2135527697046,2856.0739149826177,1892,190,54,4924,848,490,6505
53033009300,21898.403430159527,5464.656146788374,30732.59463377766,36913.72842060015,1141,2736,3661,21535,8336,12264,48533
53033009400,2865.6865872389994,10.659880037977949,16284.714366389215,1770.777570796325,2696,409,111,2052,119,757,3448
53033009500,11885.276813183458,1062.8682113842458,15207.523862722139,15748.78618061648,2708,232,618,1285,376,51,2562
53033009600,3035.622348906049,85.71289376512026,2.0320338897967827,2410.939049891985,2789,195,6,869,30,54,1154
53033009701,5298.247250492513,0,84.96579988844479,3382.581408857265,3099,14,3,508,55,81,662
53033009702,0,0,1313.38698097807,3673.877946940734,2358,0,0,168,168,53,403
53033009800,13879.671900336689,2681.7349799943236,8423.146013885138,12756.845470313254,3127,337,13,1282,251,151,2034
53033009900,7833.898408726281,15.6242181242728,2406.0068479059432,7510.387188133989,2858,90,709,2256,239,2831,6126
53033010001,9340.979297994894,2130.3496565700375,9477.962404606056,2771.81824722636,1539,236,0,649,3448,79,4501
53033010002,4032.171373670285,146.5518710668832,61.1735764200322,3804.866819455995,1859,78,0,535,18,40,681
53033010100,23452.083318027024,328.9675462261129,10568.900561059143,1528.1277277386598,3105,344,0,1045,272,30,1878
53033010200,704.1703782458484,0,125.06408544197852,895.8322570003944,1954,13,0,432,36,35,530
53033010300,9698.28261480206,6944.299943862063,1407.19448534268,2308.6374046802352,2793,308,0,2235,282,65,2966
53033010401,163.3242641894857,27.7091948693022,0,73.39205595618263,1493,26,0,217,171,15,439
53033010402,5908.5259873965,908.3510892945022,329.2764537683255,305.13441919150694,1730,18,123,199,108,105,553
53033010500,11704.704278791121,831.9216238621183,2634.9026606152106,9081.724850211525,3963,619,43,3528,129,191,4512
53033010600,13178.151280506092,734.9235917011442,2039.193022289665,33742.06805652307,3744,90,15,870,82,127,1185
53033010701,2045.4026906640597,39.005984217633205,372.600000010138,2923.7718213000226,1478,0,0,576,16,9,785
53033010702,25461.28363229242,0,0,0,1547,25,0,197,135,19,384
53033010800,15683.257560572556,299.2716179325323,1777.6766520534306,1168.879251202028,1861,0,369,154,1049,495,2088
53033010900,3281.827326153294,538.0979903145836,14234.260615988504,16532.108004640777,620,768,6457,4729,652,5095,17701
53033011001,1701.9494941518933,1481.3308680718576,64.87434152763502,43.4725612819648,1666,134,0,556,33,24,774
53033011002,1771.1005849349262,0,44.8622324516174,644.2902452083963,1349,0,0,340,249,24,787
53033011101,7224.954460752774,6331.66963208101,15.23999832214565,86.1578621354085,1875,23,0,230,1,6,282
53033011102,59.68133621028214,0,643.4682183171633,405.9057824795109,1486,36,0,930,75,15,1057
53033011200,691.9042253185216,17.2314565482856,515.8050244965351,1695.957451357053,1413,88,1555,2204,140,2456,6443
53033011300,1885.9475430837704,0,121.44953835407,2220.5786543352006,3012,52,430,484,131,461,2578
53033011401,1136.907957063369,0,55.3308545226373,87.9103106103465,1741,0,0,79,177,0,285
53033011402,2769.627115884236,1302.4012563429476,0,428.729303975356,1993,549,0,619,233,141,1588
53033011500,691.1801720598114,348.519804355205,6.346607225137083,2848.0167359033194,1981,20,0,226,87,59,402
53033011600,6302.229487431302,0,0,26097.72928161729,3079,0,0,471,114,87,691
53033011700,53.7650468695615,0,14.7281401316698,35.712323008023105,1746,23,119,255,72,813,1281
53033011800,12770.67627370731,8955.801299580886,1546.549290944224,1619.865813566315,2861,192,0,779,475,75,1533
53033011900,137.4225853621838,0,0,914.5362944821036,2599,0,0,196,57,30,293
53033012000,1608.600000026816,0,622.8,6.346607225137083,1526,15,3,59,67,0,156
53033012100,430.0835920974762,0,15.4295902066056,44.9963411318082,1176,0,0,87,0,0,97
53033020100,550.515438912506,0,0,550.515438912506,1279,0,0,226,50,53,360
53033020200,512.655997632659,512.655997632659,1093.800000041424,1059.555997653371,2103,70,0,1034,178,69,1368
53033020300,12732.466695341953,7450.405988084426,0,18792.583015490283,3100,825,0,1301,144,91,2407
53033020401,9361.6645560411,0,17.3139601726102,7232.866720420472,1440,113,0,535,110,152,930
53033020402,149.7451003978035,0,0,45.8125388273043,2161,0,0,203,120,125,502
53033020500,15384.828580606541,518.7891131634296,575.0859159613037,14187.123568749541,2795,273,11,684,203,89,1260
53033020600,25.985129275347,0,0,25.985129275347,1328,0,0,66,197,27,304
53033020700,27810.833267873342,1014.055921536694,1978.5750000983119,2916.9169094921504,1506,762,0,931,516,25,2263
53033020800,0,0,540.6562500202521,11.61250000000015,1767,36,0,330,0,75,471
53033020900,17622.94614120205,991.886525704988,524.0127583763883,1591.0694399516992,1408,434,35,1143,1207,36,2855
53033021000,3963.9755229513057,4076.616845649223,747.6092262090112,8199.740315223624,2163,174,0,831,505,190,1700
53033021100,53920.109509278795,299.625415250602,763.2398568293933,13707.340855264589,1584,0,85,660,1066,180,2003
53033021300,0,0,0,11726.196819650573,1744,0,0,689,73,68,830
53033021400,22859.835630207464,5644.632767573093,123.2250000033525,19736.79348056659,1404,163,10,248,173,101,695
53033021500,22258.53095509416,1434.44976695673,8.304519217274116,0,1699,0,0,326,0,24,400
53033021600,11014.046742124792,10886.423686085,604.1531237262178,1413.4041311708938,1847,118,0,391,119,248,934
53033021700,3761.80210121207,0,26.08088379269227,4.25,3656,284,30,627,320,306,1567
53033021802,22617.6754657776,15389.57595499224,23965.737127224347,19996.859673634204,2229,573,900,6461,608,1244,9786
53033021803,890.8464163503113,15672.506208765024,20904.516635377942,1475.9083835896147,2027,381,34,1373,569,225,2583
53033021804,16770.29203746537,0,2052.8177718120323,2941.941481330358,1932,31,0,793,1071,123,2083
53033021903,8077.085447535264,1253.8605593498282,11460.93248565527,4985.975553316246,2500,834,152,2630,4487,634,8737
53033021904,3124.8949680019696,0,5942.605714870627,1586.364731788406,1812,364,170,639,128,852,2152
53033021905,2347.152826468502,0,0,688.7456851334152,2206,16,0,926,292,37,1287
53033021906,2023.6844991203373,4.2750000002132,893.4426741289557,79.4897575956586,1633,143,893,1573,0,860,3470
53033022001,745.909808025092,0,0,0,2262,18,0,717,71,110,925
53033022003,16525.74465646672,15391.294889492037,126.63079804423775,1435.7747669572827,1952,0,0,1075,99,26,1350
53033022005,19427.07668579527,17586.03839561155,108.01716601166011,3794.84582690432,2287,1018,55,2640,392,514,4620
53033022006,64715.13967405295,0,1009.704749560062,12392.42297894582,1808,0,0,602,63,89,882
53033022101,752.085129124436,0,0,499.2675645655705,1813,0,0,316,77,86,492
53033022102,372.954904012546,0,0,0,2424,0,0,180,277,147,681
53033022201,2230.0922256217405,0,450.1779513869325,664.752583888854,1710,96,0,171,132,56,454
53033022202,3187.8375880455933,1282.6610835307065,0,964.9567435919258,3160,78,0,858,102,36,1231
53033022203,1.6437499998385627,0,0,20.497702839793323,1896,64,0,250,80,101,819
53033022300,350.73451862159055,21.5658176142788,534.850137550796,15.93451863196856,1002,0,0,424,82,97,615
53033022400,3450.104689890032,4.024999999714552,7588.347392831807,2511.3563590943236,3681,280,30,1278,512,847,2947
53033022500,2939.947670256135,83.2582132401471,2975.985626930975,4758.976652389152,4090,466,439,6363,214,1465,8946
53033022603,2336.5633544786438,16.1000000008027,557.820954292384,1307.8905811657696,2378,0,0,805,546,174,1570
53033022604,10956.925565471634,11761.00834167568,2036.2697537579297,1452.849899538016,1834,903,21,1077,270,186,2458
53033022605,7527.700815871855,4.27500000021322,1393.4556212356651,192.2021157563689,2579,126,2552,3295,0,586,6559
53033022606,8664.930925301614,178.83579334369398,686.3301127250058,4015.9348220078487,2268,25,0,378,99,5,670
53033022701,10859.708164992884,0,4587.19311491253,940.8224960361271,1486,24,708,6158,0,716,7606
53033022702,13110.690271859552,0,0,12579.053661147436,1423,0,0,794,115,36,1104
53033022703,3851.651877651941,539.6832371760612,911.4915156105855,1232.546484736753,857,73,0,995,74,165,1334
53033022801,1518.3133109923472,30.518551422858643,0,1189.3720967004606,3828,0,59,2474,73,30,2983
53033022802,442.82616835339064,52.13757633696512,351.9974851340927,86.01294669231919,2037,5,0,0,72,82,0
53033022803,5625.616035862313,994.5215052543697,37780.69984769215,12766.105232413265,2334,700,2030,45179,2,1012,48924
53033022901,1116.7240783594755,0,30.669882213714533,816.1004280341607,1019,16,0,366,87,13,493
53033022902,1000.3394086984299,15.6250000012664,0,244.98098258451301,2404,0,0,306,75,33,447
53033023000,531.104752504715,12.2250000006096,1135.54564926307,2120.363881581984,1773,297,0,1344,419,230,2309
53033023100,398.900000017509,12.5000000006235,0,341.5809825887344,1419,0,0,67,26,19,132
53033023201,5366.286781679644,1287.2460456371932,762.0152558066474,6133.219612740723,2695,60,0,992,318,0,1576
53033023202,26667.80430382994,1280.8365555740527,729.954420034454,5133.217287410816,1841,408,89,1722,185,29,2433
53033023300,48911.19791950209,807.6788199207965,2.6512217316158,11929.311195953569,2328,213,0,731,234,28,1226
53033023401,9232.032179658589,1500.277616525198,4174.025834589469,2803.210331609565,1543,704,314,5326,1592,1898,9833
53033023403,3.608351811294169,0,875.9408089863767,205.15059407421515,1589,27,0,2771,390,39,5626
53033023404,463.573561812114,0,231.786780906057,0,1174,0,0,87,10,10,175
53033023500,71.6250000035715,0,0,0,1470,0,0,279,94,65,456
53033023601,5354.509392861028,984.6000000270687,4459.46259105977,17537.184945887715,1750,1627,184,4598,392,1187,7988
53033023603,51672.570476403525,25669.82155984211,1093.800000054552,544.9250000160052,2566,51,0,1252,287,74,1831
53033023604,1378.0855853685084,278.143700886403,0,2538.5177892818997,2578,96,0,429,294,142,999
53033023700,6725.849080857586,25381.49000811232,13539.869660771172,11584.70355864203,1738,3938,1573,16360,1016,3002,25889
53033023801,1116.7753934462287,1120.6478088056836,810.9938474062445,265.718476089534,1286,0,0,3821,331,741,5064
53033023803,2722.368052646031,1782.2616345211377,29433.496351282884,2030.5110468816436,2953,477,0,8751,186,265,10038
53033023804,29243.98226777561,3641.9343813337628,77181.55476395384,36769.31945719388,4102,5057,95,29668,970,3147,38936
53033023900,785.6093328531185,0,0,352.85395730556263,2789,74,0,269,75,26,464
53033024000,88.00284215170245,24.217141628339526,7014.338138396881,1890.3964864446004,3365,0,0,3109,591,682,4584
53033024100,957.7829644492081,0,4072.1895468745497,2447.0224632842724,1705,0,29,466,242,77,843
53033024200,110.71412929015419,0,34.1470330995496,2376.0721520575476,1170,30,0,238,29,14,324
53033024300,5695.077846490889,72.6077347152868,7489.108899754893,5756.2426689677295,3880,429,0,2755,153,249,3736
53033024400,4152.385493434379,0,6203.238126746394,493.6881266058735,1337,0,0,964,150,96,1231
53033024500,9896.06319755579,501.081341038342,14342.156783140077,26379.444518458866,1715,0,0,487,306,30,829
53033024601,0,0,0,13.4711954537457,1630,0,0,187,74,10,279
53033024602,1953.1247420584184,493.43426824845,531.944100169918,594.5720500272375,1305,0,0,372,291,26,780
53033024701,0,0,39.640107868438214,532.3541968797502,1427,18,0,220,0,46,306
53033024702,985.80000002682,0,0,186.357092195376,2959,0,0,829,131,74,1075
53033024800,6307.531450863198,2299.692298582227,7334.704465649609,3137.7188117541455,2150,1587,0,10050,470,493,12997
53033024901,1757.031673488663,0,1171.354448992442,1757.031673488663,1837,0,0,313,109,15,449
53033024902,0,0,101.7610083089904,0,1349,0,0,48,102,24,182
53033025001,1489.9549219712121,0,555.5876482846976,1760.033951010258,1894,135,0,650,235,46,1089
53033025005,49.0656196652942,0,47.7500000023816,0,1948,85,0,954,110,58,1252
53033025006,3893.33333481288,0,0,0,2295,0,0,539,6,71,633
53033025101,2686.1274610384107,1093.800000029758,977.298382267292,498.527460978901,2112,172,0,411,191,31,811
53033025102,3181.455139997588,498.527460978901,0,1154.94465105184,2778,311,0,752,195,89,1404
53033025200,3381.582392941468,0,0,2248.585950753211,3263,58,0,234,461,102,858
53033025301,3274.7412381704944,3189.110689220747,26458.84988954642,29044.21302876881,3026,894,0,1908,122,789,6638
53033025302,5324.060860572719,1747.588180512937,23410.936088282455,16426.798695329442,2711,1294,0,4130,898,550,15641
53033025400,1482.9839348833284,125.5786951694575,3589.160581870061,2967.82816130233,3078,225,0,430,581,78,1329
53033025500,546.900000014877,0,0,546.900000014877,2026,68,0,425,0,28,526
53033025601,4133.56573344838,0,0,0,1998,91,0,422,634,85,1260
53033025701,1736.3673295284566,0,0,715.0821209206454,2893,0,0,255,11,156,528
53033025803,1093.800000029752,1093.800000029752,0,49.961711951884496,1761,0,0,132,58,33,235
53033025804,1673.462862877152,0,0,0,1128,0,0,89,380,25,509
53033025805,7635.628493347434,0,0,4920.6840214393,1928,0,0,279,154,59,539
53033025806,988.19789676048,0,0,2681.698948439745,1733,0,0,961,3606,78,4672
53033026001,181.9869626918834,0,0,2023.3812946714575,2089,0,0,286,346,70,716
53033026002,267.425000007277,33.0691545884673,12003.617532324759,18007.411902663865,3040,112,0,489,0,99,700
53033026100,1262.197785627094,0,304.48994922785863,631.098892813547,2830,101,0,503,142,113,859
53033026200,54835.689116024434,15396.601819051728,6094.808898463945,68272.75444841899,2247,8050,7019,20970,3051,8786,47875
53033026300,33015.63913541645,0,655.5887816085846,19.942682826152094,566,203,0,731,143,684,8382
53033026400,2105.252203913944,0,13.67696295446931,1719.8523687047184,2397,240,911,1049,1204,1697,5101
53033026500,44.665539094465494,0,233.61159608737,77.58833567400059,1521,180,67,421,195,150,1013
53033026600,759.5092114129324,564.976041742858,0,98.99171695602149,882,36,0,563,0,29,636
53033026700,2105.405344744468,0,0,0,1901,0,0,309,90,66,486
53033026801,1188.5328297522185,508.911108633658,0,1049.2446744621434,2125,173,0,356,122,0,690
53033026802,52.3751833656752,0,0,688.7240075918373,1723,0,0,250,482,27,802
53033027000,0,0,1822.07361753335,1822.07361753335,1160,12,0,76,60,40,192
53033027100,7694.90141944828,7694.90141944828,20.808095111160263,0,1272,40,0,761,118,49,992
53033027200,45.8199352467845,40.4569378105928,5415.3312055434435,89.1192590184432,841,375,468,4042,1113,2275,8272
53033027300,538.3508455206121,0,5.42583172417054,524.059733242629,1851,117,0,272,136,69,1208
53033027400,1089.944159727057,746.06573588803,3816.1487711961304,1158.6504508570201,1712,453,8,444,98,127,1129
53033027500,135.31665218931624,24.5203543930418,10.2844337965725,4.55898765148977,1765,189,4,910,146,91,1341
53033027600,0,0,0,14.8518344502582,1721,0,0,533,2,98,654
53033027701,10820.435684167915,282.0870393720107,22758.679264732844,55728.872514658964,2185,368,237,1068,383,208,2264
53033027702,425.200000011566,425.200000011566,0,446.2559523846146,2222,21,10,197,0,73,301
53033027900,19822.835726106547,6396.512239324073,637.357613030071,4092.4550803469747,3183,789,61,3834,716,415,5816
53033028000,2027.3642769204773,492.900000013408,9.38199609262155,3289.092877841257,1557,434,0,571,172,0,1199
53033028100,0,0,4340.0665819098895,0,829,15,0,859,123,134,1177
53033028200,1069.700000029104,0,0,527.5233826012918,1863,175,0,603,89,61,928
53033028300,1287.0215111521095,1019.5965111448324,1597.592394826867,267.425000007277,1925,373,1756,1791,12,2201,6133
53033028402,13716.542330251286,18.7127912226148,13218.649556619624,10076.094208727813,1774,584,0,3437,2656,8658,15454
53033028403,997.054921957802,0,1891.329433719433,3347.0273429363438,2290,0,0,2327,455,340,3121
53033028500,105.02826820792437,105.02826820792437,0,0,1631,107,112,241,104,845,1409
53033028600,2294.387345648088,492.900000013408,2.65000000013215,0,2719,177,0,582,212,44,1032
53033028801,8.39642738707066,0,37.910981639906595,169.5847725331496,730,198,122,1367,126,1970,3961
53033028802,0,0,465.1742288651535,502.5606537992151,2339,38,0,928,283,0,0
53033028901,9966.95107074888,0,2.3295087465567823,343.3134939925553,1604,155,18,1089,310,204,1777
53033028902,546.900000014877,572.2669047666296,0,0,2420,85,0,588,401,184,1257
53033029001,0,18.7403698479644,0,0,2002,0,0,541,4,75,642
53033029003,5448.8377104862275,0,905.9764298202084,322.24361539803414,1984,61,0,344,907,49,1369
53033029004,4773.35679025478,0,41.6314345436788,4814.98822479846,1314,620,75,472,65,136,1368
53033029102,0,0,21636.6535858942,0,1388,18,0,215,78,39,362
53033029203,17112.918734385043,9975.69949171458,0,698.3707412515026,1279,387,129,2130,708,287,3640
53033029204,328.6000000086754,0,0,0,2554,265,351,344,0,233,1193
53033029205,11871.31264520932,0,0,3457.191309712953,2129,71,0,309,267,242,1066
53033029206,54427.72892297779,7146.745200098123,8402.226611101063,6972.026557721167,1991,1966,13052,9302,950,21712,46982
53033029303,2865.1992765486775,3367.560600231188,0,1143.7617119816366,2950,328,0,1075,112,61,1577
53033029304,3514.747523759745,0,0,0,1904,40,0,54,128,64,305
53033029305,0,0,6.98098814450852,14.4500000000002,1332,0,0,220,76,18,325
53033029403,1965.562134049435,0,0,1965.562134049435,1933,0,0,210,91,24,420
53033029405,1629.097589088076,535.297589058324,0,535.297589058324,1767,0,0,69,126,11,211
53033029407,814.325000022152,0,157.181723172938,971.50672319509,1632,98,0,598,103,0,824
53033029408,2826.47819683008,0,951.46659589655,0,1617,0,0,76,87,26,203
53033029502,3438.6755897275852,270.077021802874,0,4523.236530844789,2138,35,0,521,290,48,921
53033029503,9677.509794377042,9140.45600801511,0,19101.597997813773,2921,959,0,1118,361,102,2540
53033029504,4246.9116458504095,0,0,70.9428696383873,2088,162,0,790,114,64,1143
53033029601,3805.666119188725,0,0,3805.666119188725,2059,0,0,451,298,127,1045
53033029602,1358.40000003696,0,0,0,1979,0,0,126,276,68,480
53033029700,537.7620455440583,0,35813.33540917696,5673.626768978032,2805,265,423,1747,1067,2093,5596
53033029802,43.29725394648892,0,0,0,3077,24,0,244,314,371,991
53033030003,0,0,1548.105244487426,1119.6414345014891,2416,195,15,609,84,144,1048
53033030004,93.5039728166356,0,0,0,3255,13,0,191,81,36,328
53033030006,7161.663310925667,6764.457267954591,1994.0750361910625,6084.195007252516,1670,837,0,1908,277,0,3049
53033030100,0,0,267.425000007061,267.425000007277,2958,16,0,344,143,85,588
53033030202,3673.072446583181,250.86494620227577,0,2368.242584445545,2393,369,0,993,353,35,1779
53033030304,8554.759197155568,274.620208701171,0,5363.88101870115,1239,836,17,1188,352,209,2602
53033030305,0,0,14.788915182059275,0,2098,0,0,105,295,15,549
53033030306,12533.415409170266,492.900000013014,0,10946.7154091275,1915,42,0,226,142,46,467
53033030309,1093.800000029752,0,22934.67132756139,3176.281018642532,2455,282,0,1108,85,83,1612
53033030310,21636.6535858942,0,9945.88119215436,267.425000007061,2006,0,0,463,323,70,1208
53033030311,0,0,0,267.425000007061,1718,24,0,322,67,61,475
53033030313,17759.64242953045,7708.03811850346,838.285396306573,8843.818355134827,1556,1346,258,5463,894,872,8832
53033030314,1093.800000029754,547.341389684722,12496.432113630837,13372.30577199477,1998,498,33,2091,516,286,3425
53033030401,2840.624111921439,0,24036.806407476317,475.275425483001,3279,59,0,2244,68,797,3168
53033030501,546.900000014877,0,1507.457148282195,864.0583334919181,971,1889,3103,5108,635,6259,16992
53033030503,1231.67173993252,0,59.4509224239962,31.87522341618702,2129,307,45,1637,207,136,2333
53033030600,2653.599960188621,0,26175.370947205156,1667.456816700315,2091,278,0,998,614,43,1991
53033030700,3854.01905925173,0,192.6246344791214,3854.01905925173,1597,147,0,1490,144,52,1959
53033030801,12536.02761289239,0,2868.2647501301362,12507.9593185744,2394,2031,0,1789,470,2664,11715
53033030901,0,0,0,555.739630568644,1111,37,873,389,30,796,2127
53033030902,0,0,5312.67399957694,5991.4475826918,2131,0,0,88,134,128,1079
53033031100,0,0,372.714184390752,0,2666,42,23,204,2361,114,2767
53033031202,3139.06657876105,0,150.50809440202147,1093.800000029754,2243,24,0,234,1191,243,1711
53033031206,0,0,1027.6459760696475,0,1777,0,0,354,889,23,1284
53033031302,4446.55151120084,0,0,1111.63787780021,1659,199,0,118,421,65,861
53033031400,175276.62551666118,50079.0358619032,2175.839476784835,747.3788737103794,2453,303,541,2036,369,604,3854
53033031502,475.275000012928,475.275000012928,0,472.6402479174024,1714,175,0,275,101,134,718
53033031603,492.900000013408,0,0,997.075227935845,2141,0,0,612,107,354,1225
53033031604,60156.3688603163,0,0,11829.5999998391,1818,26,0,204,121,46,407
53033031605,0,0,2094.382885605193,0,1389,17,0,140,51,163,389
53033031703,983.265139832575,507.531850481804,0,0,2653,42,0,240,128,119,531
53033031704,1975.294866917876,0,0,1975.294866917876,1721,153,10,303,88,151,705
53033031705,0,0,0,510.349500063631,1400,0,0,42,168,291,515
53033031706,5956.552819731804,2501.521665250379,0,2870.831031372344,2660,1176,0,1432,428,245,3322
53033031800,3209.775425557381,475.275425483001,3059.85580803508,1093.800000029752,1683,0,0,249,351,123,819
53033031903,32.95806693497864,0,1456.102318639074,0,2398,0,0,361,400,219,1009
53033031904,124.20000000327799,0,0,0,1335,3,0,134,318,124,678
53033031908,3320.3387108540737,3122.073993991679,47.7500000023816,563.049124377112,1924,176,0,509,20,145,1057
53033031909,533.376791111526,533.376791111526,25.0000000012472,23.8750000011905,1169,19,0,151,39,15,228
53033032003,1512.553291681206,0,0,0,1992,0,0,326,118,417,1198
53033032005,1871.0228556401696,0,0,2986.642468379437,2520,181,0,304,204,195,884
53033032006,489.309147171929,0,0,0,1985,43,0,247,58,71,436
53033032007,0,0,0,504.175227922437,1307,0,0,194,376,158,736
53033032010,37493.2333207114,505.330854879222,0,12376.499999853975,2077,181,19,778,473,57,1509
53033032011,2038.0308549209199,0,0,2542.206082843357,1451,100,0,369,57,164,705
53033032102,542.1665618752927,504.175227922437,0,529.6665618746692,1821,0,13,229,0,302,559
53033032103,21759.076289228633,9000.95565909471,566.321453524286,17423.021112398903,2152,1206,324,4514,857,739,7642
53033032104,70971.85440847956,0,1533.9611532312,505.3563410385552,2446,48,0,548,499,99,1195
53033032203,3068.456357143077,4.2750000002132,55.78378308827048,1863.1847365932585,2658,19,0,469,244,76,826
53033032207,10341.75881545364,0,0,0,1235,0,0,277,12,98,412
53033032208,49248.57756883509,5028.951474747274,27327.30131705738,47310.57233921714,4226,2087,645,9091,228,724,12775
53033032210,12701.67767410121,442.27036132083504,1732.0056912355044,13447.3043542431,5024,386,302,3167,493,383,6093
53033032211,79554.58048550124,0,0,0,1739,154,0,520,310,60,1069
53033032213,0,0,0,8.55000000042644,1503,0,0,136,0,34,172
53033032214,25035.507433097835,0,6549.287539104567,1056.9817193716676,2056,176,0,736,655,63,1629
53033032215,11590.936250569757,0,0,499.549428881885,1562,0,0,330,88,13,554
53033032307,4994.517745647312,8338.300585873556,0,6429.999647606609,2191,140,0,474,113,247,984
53033032309,32644.074288582415,1756.1296369411446,25681.686108890655,19974.249320010615,3724,1603,821,10796,1146,3153,17520
53033032311,23029.051644306965,1669.991415775728,0,6405.153068559243,2137,0,0,255,224,111,598
53033032313,11473.96509057073,860.9035924300363,9157.071058822306,5204.156953913874,2458,1676,2691,9077,318,1904,15665
53033032315,1033.784601629728,0,0,11.7966811168549,2058,0,0,242,11,130,408
53033032316,1497.5942549715141,0,8960.13784378516,513.9105245036317,1888,12,0,231,130,36,409
53033032317,2489.868571472907,0,0,0,2153,0,0,182,13,38,255
53033032318,4473.830420291221,6.57500000032797,0,505.4000000140325,2011,182,0,280,336,162,961
53033032319,8399.402273358017,509.6750000142487,40528.94498704954,16250.35121023342,2642,1495,1403,3965,153,2239,9255
53033032320,201.87064673610206,0,0,0,1550,29,36,582,283,40,970
53033032321,9652.868934823935,31.4067104904878,0,155.7375000031869,1872,51,67,549,59,323,1049
53033032322,51.63242017374242,0,0,11.20000000055847,1223,0,0,480,0,38,525
53033032323,25929.92267027201,205.19349818577027,132.93472936615711,5406.7446343427,2218,0,0,448,361,22,981
53033032324,3023.569591225353,511.75691054758863,1042.37472539903,401.54429107996117,2184,0,0,190,202,26,437
53033032325,2833.472864296325,23.8750000011906,0,940.16197793385345,2232,0,0,285,68,96,451
53033032326,23537.28544988539,0,0,23534.653414400876,1421,46,0,276,14,230,567
53033032327,477.09738537790207,4.27500000021321,11550.5007729961,60.6792272919497,1978,7,0,325,64,61,458
53033032328,2551.79393305738,1062.6978982984199,17.359378968771857,247.24980898363367,1158,44,0,212,295,53,627
53033032329,48.9000000024384,12.2250000006096,138.0226848443127,24.4500000012192,3068,166,176,807,80,130,1359
53033032401,0,0,1211.634951839084,0,2230,97,62,600,286,385,1487
53033032500,2042.9611532454117,0,1998.395684994664,6167.955327241473,2003,47,16,405,274,253,996
53033032601,0,0,14.9642065266548,0,1086,24,0,213,227,189,695
53033032602,9200.238405066018,0,6264.047416931533,155.95844861319475,4271,76,690,1212,639,570,3187
53033032703,0,0,185.3136433377814,37.69939460768738,893,39,0,381,1942,36,2420
53033032704,1968.280098984707,9911.47391972706,7128.397914552709,1998.4050989807483,2338,825,0,1439,435,395,3348
53033032800,547.067599150034,0,0,3687.6905733276317,983,0,0,388,90,88,579
53035080101,0,0,0,547.979732019597,1268,0,0,270,0,0,278
53035080102,0,492.90000001301,0,5898.723799036883,2049,157,0,680,77,0,970
53035080200,1258.8437506486607,0,0,2352.6437506775264,1663,190,0,663,297,44,1194
53035080300,2333.019332017212,907.194331979574,2005.325696443984,1692.0589734529422,1650,10,0,3043,22,6,3218
53035080400,743.2549841150059,0,0,743.2549841150059,1696,0,19,221,127,7,395
53035080500,556.6059194786225,548.662099314712,16289.912680959584,8891.909088348393,1407,52,98,1614,338,0,2142
53035080600,0,0,0,7883.476297232333,2103,101,0,53,877,22,1094
53035080800,0,0,1126.317069748568,0,632,0,0,56,406,0,507
53035081000,3822.2767158279257,0,3256.6768997988497,4096.764864232882,2100,830,0,162,626,113,1767
53035081100,197.33289624103,0,1222.9437834644446,686.696044651653,1180,181,19,635,545,20,1401
53035081200,0,0,0,7854.486873141334,1417,97,0,159,69,21,348
53035081400,72.6847889011189,0,3950.101839138818,1349.928102889695,22,0,0,385,13782,0,14269
53035090101,0,0,0,789.33158496412,2517,125,75,185,599,323,1307
53035090102,1672.4591428970095,2007.719387664315,431.269275233599,2553.7034748765827,2556,175,36,546,334,145,1236
53035090201,984.103167737225,0,727.420825029773,587.764151515873,1793,548,369,367,84,311,1677
53035090202,1093.80000002888,0,0,1110.8695479516625,1890,92,50,213,129,220,887
53035090300,0,1349.928102889695,7017.821293511257,3857.4660713833346,1269,9,0,863,2395,25,3395
53035090400,4513.480989446713,0,0,3776.749118108941,1717,0,0,513,112,158,935
53035090501,6361.908323579074,197.33289624103,0,2721.0367511620766,2008,370,81,2308,392,125,3276
53035090502,921.015694264179,0,0,4280.67305925191,1846,480,0,917,607,93,2108
53035090700,434.091232392244,0,0,611.500000016291,1914,0,0,363,63,116,749
53035090800,3050.508059111168,0,1688.589412179944,580.7708890794013,1613,40,137,274,189,155,796
53035090900,13238.224200799981,5082.403975414735,296.1194457158808,2800.425178067476,3448,671,0,3098,1033,205,5200
53035091000,840.831310619282,431.235741606786,1008.528848207086,23.5786762097102,2704,36,16,520,119,131,822
53035091201,4777.700967262177,0,2418.1344837857378,2070.574608458371,1831,2138,0,4076,606,110,7007
53035091204,909.9149714922422,15709.974425649489,0,30855.1763227523,1484,701,0,1531,33,0,2285
53035091500,0,0,247.6887513217287,547.979732019597,1516,0,0,76,320,21,424
53035091600,15830.952639662952,0,0,15164.154157640218,2464,0,0,405,195,30,862
53035091800,3042.621382106586,283.262210291229,0,5086.971382160544,1150,413,0,666,55,17,1197
53035092100,561.471963600183,475.275000012544,5462.242828009162,0,2902,615,568,575,435,582,2774
53035092200,1111.14004016384,0,0,136.72500005218188,2501,108,0,1256,991,73,2429
53035092300,16046.553521739721,5352.288532746809,1130.420808445784,15073.291013274575,2382,699,0,1456,251,44,2739
53035092400,2765.923048645838,0,0,2765.923048645838,2209,70,0,268,337,108,783
53035092500,2245.887854400732,0,0,5282.669152243128,1946,133,19,903,668,93,1815
53035092600,54791.429373196996,0,0,10958.2858746394,2143,0,0,166,133,41,349
53035092701,504.264424103543,504.264424103543,0,504.264424103543,1677,0,0,125,0,72,198
53035092704,12637.204286121687,0,0,547.347027010716,1368,0,0,58,163,42,275
53035092801,2204.92786935459,0,1095.959464039194,6978.074811676687,1522,383,0,337,111,230,1061
53035092802,1767.87273339471,0,0,1767.87273339471,1486,0,0,295,59,45,412
53035092901,0,0,3535.74546678942,0,2002,0,0,36,0,115,194
53035092902,17043.022264759886,0,7071.49093357884,5303.61820018413,1906,23,0,157,79,92,380
53035940100,3700.2902054749247,3397.89209473283,0,0,2612,29,67,245,1377,98,1816
53053060200,846.958009636191,481.588038642673,24638.974586153094,15668.819846261613,535,175,2956,2749,758,4647,11284
53053060300,2086.39866979167,0,475.275000012548,5018.477208417488,1954,30,0,797,258,127,1221
53053060400,8346.741908979526,0,0,2322.8577942831944,1567,12,0,425,63,14,531
53053060500,817.950785614816,1019.5402479318375,0,1352.800785628938,1736,0,0,1007,122,35,1339
53053060600,14458.1826238823,11068.5941408373,1093.80000002887,2510.04761241061,2640,0,0,704,135,66,928
53053060700,1069.70000002825,0,0,1637.147005653378,2391,118,9,1507,70,41,1745
53053060800,6254.7343610071175,934.387969726989,1007.203471435104,14175.700623598597,2310,317,0,319,89,47,785
53053060903,1073.062904645274,685.0199444527689,0,503.601735717552,1452,30,0,181,53,20,302
53053060904,1480.9446468859348,13540.540968253124,0,512.662492141937,2291,0,0,477,96,52,797
53053060905,49918.60674809523,0,11543.869566320302,25934.736830038197,3056,32,0,694,118,27,870
53053060906,24131.9945037808,0,2327.0178053296804,27881.07572357648,946,204,0,506,370,27,1106
53053061002,64585.663650063274,1745.683813618104,13267.902756899679,50579.57221673318,2129,443,0,2037,630,81,3231
53053061100,33211.36192514914,4161.496568081405,3064.39760350069,31364.433665352157,2908,1266,0,4153,989,0,6554
53053061200,382.749117535398,0,0,886.1207001029243,2110,130,0,1217,109,197,1653
53053061300,483.017116547248,0,0,0,1784,114,0,976,307,81,1492
53053061400,136.51914567648254,1118.080971343928,5242.396214003361,6761.279030146372,1418,15,17,7953,1520,0,9554
53053061500,5082.9920500663275,1978.452698548429,8008.919646895046,13992.303229198955,3150,140,64,7642,167,48,8061
53053061601,4498.549814544731,0,4963.732512893502,2064.0219021208472,1312,87,85,8782,1839,229,11022
53053061602,9424.647362505597,0,2063.7302089359605,9394.572643804639,453,116,513,2675,943,232,4481
53053061700,1469.875987323262,0,61028.53447896713,973.4286906855257,1809,96,42,2361,946,531,3977
53053061800,11196.396958209418,0,503.601735717552,0,1035,0,0,226,414,0,745
53053062300,4807.17591168358,0,0,961.435182336716,1815,14,0,120,100,67,314
53053062400,7719.724536696943,1301.524536986903,0,7379.635182046756,2134,220,0,405,234,19,878
53053062500,29203.77031933868,636.9920406551752,0,1212.7779238151359,2580,236,0,281,253,29,818
53053062600,10657.066323500456,3390.766320859912,5689.376993180431,14001.30015617452,1574,4562,1299,4660,3365,2184,16068
53053062801,1640.700000043302,267.425000007061,14.788915182059275,2128.81204880269,2821,482,65,876,202,278,1904
53053062802,19254.59999913012,0,20.783861030461,20.783861030461,1478,20,87,263,239,73,683
53053062900,0,0,5071.50159522743,0,3125,482,44,616,242,78,1462
53053063000,3281.400000086604,0,0,0,1178,421,132,539,79,283,1452
53053063100,3076.363594806493,1763.439593044513,546.900000014435,492.084416549339,1567,0,0,721,23,11,979
53053063200,0,0,14.2911122779831,1093.800000029752,1910,112,5,204,59,37,416
53053063300,2298.8272340425856,0,3903.567285981004,0,2506,64,0,523,184,103,892
53053063400,8718.998778205889,1508.33518235115,0,1018.68958912136,2824,363,0,1265,89,68,1846
53053063501,0,1131.571384471572,10025.41653272232,0,1625,240,0,496,188,0,930
53053070100,25.2995813437612,0,0,1019.5402479322784,1277,9,0,268,162,30,576
53053070203,25583.985961161627,0,0,12297.38453080964,2222,0,0,121,86,74,299
53053070206,1093.800000029752,0,0,546.900000014876,1456,20,0,61,42,114,293
53053070207,1138.922337855444,0,0,569.461168927722,2013,126,69,390,1328,296,2209
53053070308,989.216899542344,0,0,0,1391,52,0,304,210,31,615
53053070309,63594.322443932746,0,0,75917.19626733186,2019,776,0,727,0,79,1609
53053070310,46886.06526688991,63594.322443932746,0,546.962773501552,1705,746,0,800,430,35,2012
53053070312,555.818938900105,0,0,555.818938900105,1915,0,0,338,0,199,713
53053070315,0,0,85.3059555085468,0,2202,0,0,127,186,206,531
53053070316,2222.28008032768,0,0,0,2589,169,0,570,80,132,951
53053070401,1138.922337855444,0,0,569.461168927722,806,196,13,65,53,190,537
53053070403,556.664628563004,556.664628563004,0,0,1510,53,0,423,259,51,801
53053070404,7450.15535920538,0,0,0,1563,0,0,81,363,54,501
53053070703,120640.73684197819,33793.30295562168,0,72577.7259978472,2509,467,64,667,311,252,1761
53053071206,5511.672349395864,475.275000012544,639.911543768998,2756.40256636689,2444,1644,0,1898,118,307,4151
53053071207,40950.27434464008,9975.69949171458,2052.537673013432,9588.817500619207,2518,1016,0,2469,392,141,4103
53053071208,481.588038642673,1113.329257126008,0,0,2843,177,0,1103,0,53,1353
53053071304,9271.980480085984,7370.8804800358,0,11877.250362049663,2242,627,0,1110,436,49,2297
53053071305,9709.840184287013,0,0,307.46511724079454,1348,246,117,638,448,693,2141
53053071306,1468.089445231869,0,0,0,2239,0,0,240,133,311,748
53053071307,10550.904784516115,2772.5210006944135,0,10485.591808617075,1817,123,92,607,0,410,1232
53053071406,11141.207929940376,760.076588733598,0,489.363148410623,2509,259,1500,492,481,720,3451
53053071407,3289.587673046088,0,0,0,2202,0,0,159,624,0,881
53053071408,11203.63505069402,475.275462078406,14.0512039996443,28.1024079992886,1397,255,0,337,340,50,981
53053071409,6077.35842811786,0,0,6077.35842811786,1562,60,0,168,119,10,357
53053071410,6077.35842811786,6077.35842811786,0,0,2550,194,0,330,370,85,980
53053071503,6344.78342812492,0,0,12422.14185624278,2137,294,0,674,235,123,1860
53053071504,0,0,0,472.6402479174024,1578,101,0,1467,423,17,2044
53053071505,534.85000001412,0,0,0,1927,221,0,349,62,16,662
53053071506,534.85000001412,0,0,0,1939,0,0,89,4,12,109
53053071602,4869.74447506717,4869.74447506717,0,68.25957283824127,2848,106,90,948,277,553,1974
53053071703,279.101849160906,279.101849160906,0,0,1570,32,0,419,0,18,480
53053071704,0,0,950.550000025856,1425.8250000387839,1720,30,166,338,0,81,774
53053071705,771.266754235826,0,0,1038.691754242886,1353,214,0,583,63,266,1125
53053071706,267.42500000706,0,0,742.700000019988,756,80,137,202,0,653,1071
53053071707,1506.879528638894,267.42500000706,0,1083.664731181204,1049,187,0,256,149,61,661
53053071803,5762.66830280878,2553.568302953755,0,120.0406642855089,2490,684,77,1053,89,154,2058
53053071805,816.0344899706259,278.147224510152,0,267.84340111366,1471,75,0,1351,102,55,1623
53053071806,0,271.814249993326,0,133.7125000035315,1660,169,0,408,0,128,748
53053071807,7350.135537062771,961.9141469597,721.150000019038,9919.187499992282,1541,670,489,2588,1791,1513,7049
53053071808,5257.801595232346,3095.116555892375,0,5525.2265952394055,1563,81,0,1444,0,40,1565
53053071901,11916.907929083101,2074.325318268692,15324.507578361328,24299.51437947726,2174,1047,0,2552,716,52,4443
53053071902,608.9879620819374,0,950.553444805474,753.422686588558,2158,78,0,629,60,42,819
53053072000,1159.145033873623,267.425000007063,0,0,1935,100,0,400,150,7,777
53053072105,0,0,290.1933525497879,271.814249993326,1840,0,0,250,2530,30,2810
53053072107,2187.600000057748,0,268.572834513047,268.572834513047,1693,0,0,112,767,33,937
53053072109,1093.80000002888,0,0,1093.80000002888,1450,0,0,153,337,62,582
53053072111,2460.4220827466947,0,0,0,990,0,0,0,80,0,133
53053072112,0,0,3095.116555892375,3095.116555892375,1904,0,0,42,232,10,316
53053072305,3722.9699152624316,1478.25881361104,1922.870364673432,1157.3251243096302,2475,15,0,884,123,78,1100
53053072307,6804.14282395578,0,0,0,1909,0,0,136,134,16,299
53053072308,1508.5100008937882,0,0,1112.80999307635,2888,0,0,649,372,30,1063
53053072310,6990.49867299021,0,0,3030.067080998544,1615,386,28,657,313,28,1413
53053072311,7688.482952862175,1841.405493636458,1605.6749418553811,4662.271377133339,1896,277,26,1563,338,313,2517
53053072312,4615.014235767816,4335.91238660691,0,820.528729806856,2249,0,0,326,0,14,639
53053072313,0,0,546.962773501552,0,1385,36,0,301,0,72,416
53053072405,2244.711101651392,0,0,0,1536,8,0,66,139,39,255
53053072406,0,561.177775412848,0,0,2106,0,0,487,86,273,868
53053072407,485.825501604941,492.900000013009,0,0,1951,321,0,1150,26,105,1696
53053072408,8519.238728958406,0,0,6768.169203407021,2304,760,38,2743,237,420,4198
53053072410,1478.70000003903,985.80000002602,0,492.90000001301,1426,22,0,73,6,30,146
53053072505,4193.746513151736,1767.87273339471,1960.7023974176166,4380.60784285675,3175,789,220,1966,389,385,3749
53053072507,8792.38825701573,2933.179626816553,4114.83398810187,4007.3914011600164,1316,222,17,1811,240,151,2441
53053072601,3400.778511234587,485.825501604941,0,2426.340307659522,1988,17,0,166,87,90,374
53053072602,0,483.038301239758,0,1943.302006419764,1613,141,0,253,116,93,628
53053072603,13.9183211242543,0,0,7604.407393254496,2017,0,0,176,393,37,631
53053072800,0,0,0,685.0199444527689,3405,0,164,2249,133,166,4311
53053072901,1498.0926496094737,89.44503384537123,8648.453383168917,20977.070549878154,775,112,0,327,1183,0,1740
53053072903,0,0,0,1785.7239308518347,791,0,0,424,1507,0,1961
53053072905,0,89.44503384537123,374.978331303108,0,1810,0,0,41,4025,0,4217
53053072907,178.89006769074246,0,36384.924289825736,5402.289678694946,1556,0,0,0,3997,0,4257
53053073110,0,0,19951.39898342916,0,1303,0,0,68,141,30,436
53053073111,1093.800000028874,0,0,481.588038642673,1358,71,0,279,58,32,471
53053073116,494.40055913057,0,0,494.40055913057,1440,0,0,90,52,40,188
53053073121,0,0,503.377936216131,0,1636,1035,0,923,185,91,2235
53053073122,5820.2944750922625,0,0,4869.74447506717,1743,272,28,1025,233,167,1725
53053073123,494.608449771172,561.4647176520698,0,0,1570,32,0,347,266,57,716
53053073124,1093.80000002887,494.40055913057,0,0,1254,210,0,208,89,24,599
53053073301,14850.995295999346,16871.332203928574,32925.77637365194,26442.06711428011,2352,1935,2645,1754,509,8180,15022
53053073302,0,0,2146.268723970774,950.550000025092,1707,393,0,458,270,83,1348
53053073404,16036.351336428117,0,12816.091046908488,5819.8342100578375,2440,98,8,901,514,75,1596
53053073405,0,475.275000012546,475.813299325592,475.275000012546,1466,0,0,3523,0,59,3594
53053073406,826.465485679025,0,25.4892925894745,995.52761655375,2266,167,272,1722,168,729,3059
53053073407,17739.689280155188,1797.785083319954,0,22760.210380022014,1455,1663,65,1842,718,185,4472
53053073500,4512.36922154587,0,0,0,2740,99,0,471,190,341,1144
53053940002,1656.4026549189582,1478.700000040233,2226.28313215469,18106.15126769068,1388,1911,767,3831,699,4152,11360
53053940003,6192.81278970248,6084.9200866336,188.18283920306902,965.293489646036,2807,209,0,396,376,1257,2411
53053940004,73570.86025795802,4.27500000021318,0,0,2572,166,0,248,375,400,1280
53053940005,0,0,267.425000007063,267.425000007063,2018,0,0,173,62,72,623
53053940006,0,0,434.45646623394,0,1028,0,0,0,189,0,402
53053940007,503.113519106268,0,0,1050.013519120703,925,24,0,138,2649,54,2887
53053940008,1007.683508457532,0,0,0,2313,0,0,101,157,28,313
53053940009,0,0,546.900000014433,0,1119,0,262,244,68,780,1384
53053940010,489.363148410623,0,14782.68242009362,489.363148410623,1787,306,515,1586,51,2514,4972
53053940011,483.017116547248,0,0,475.275000012546,1641,0,0,179,51,98,335
53061040100,16549.10043226075,4968.2173474806505,180.45488138599876,3795.041464701988,1646,59,145,0,1753,128,7664
53061040300,3971.5904158076282,3526.3802215337864,148.40339809128062,16822.429499022048,1363,229,0,360,15,12,616
53061040400,22531.291851300004,0,0,13688.085540165705,1908,71,0,291,306,25,716
53061040700,23119.886041202382,4724.76620088593,23382.518678363027,2122.194445112073,1833,540,659,3339,3444,1050,9032
53061040800,3497.4628376590713,0,13558.613085930217,17652.31743118152,1358,164,0,2840,227,236,3972
53061040900,836.9272482716384,0,0,0,1234,0,0,79,57,84,235
53061041000,6366.368160124558,5118.196767728339,10474.803495879962,1260.2044760597469,2366,573,52,2787,457,220,4089
53061041100,503.0579657775479,456.6984182708313,41.5803050101926,393.2964837430075,1835,342,44,1601,317,142,2446
53061041202,18861.73647138398,715.929955639698,8454.95783184319,22731.629699120618,2236,599,0,1266,351,30,2270
53061041301,0,0,8937.204358167155,20.7982965805999,2120,8,185,856,215,272,1537
53061041304,570.835482019509,0,16763.180500349867,1969.0859107072995,1079,35,0,1778,1179,1045,0
53061041400,9552.575735932875,274.404476022421,0,8729.362307865611,2075,0,0,1111,98,36,1295
53061041601,24177.892217561428,0,26.000859841359,742.1076166948292,2129,0,0,318,100,82,690
53061041605,546.900000020709,0,24.4500000012192,546.900000020709,2148,0,0,539,173,60,894
53061041606,31342.8596839011,0,0,55.979412347602484,1980,0,0,601,82,163,864
53061041608,12740.478072762298,0,0,11778.691241181612,2276,0,0,257,146,68,490
53061041701,18871.8709118415,1948.5270264569438,0,1881.202356892048,2451,737,17,1422,17,188,2381
53061041703,0,0,0,10.464162294665144,2003,19,0,316,0,164,510
53061041704,60745.41255807709,22772.25252791324,0,21014.596661086358,2249,439,61,4109,417,297,5324
53061041805,32939.65173030233,13427.616278188552,43516.431625816,24555.02531371796,2562,2032,54,2793,452,572,5903
53061041806,0,540.439660768724,1114.877954979962,814.844136791145,3071,353,0,884,76,156,1507
53061041808,1093.800000041416,0,0,0,1691,0,0,632,554,38,1253
53061041809,0,66.856250002532,0,0,1955,145,0,287,0,67,525
53061041811,253.03295996859865,0,66.856250002532,253.03295996859865,2477,258,126,1338,165,795,2683
53061041812,0,0,26.7097431623314,0,2483,136,0,313,5,188,819
53061041901,793.1254883689198,0,8261.097902050507,884.6599208839149,1739,319,6201,1159,209,1161,9048
53061041903,8454.95783184319,0,8661.428150588194,8478.406128423923,3116,0,0,495,554,788,3952
53061041904,5.30000000026426,0,0,567.9645863538561,2242,416,0,548,410,32,1414
53061041905,0,0,0,139.2362112181819,2433,344,40,623,0,389,1396
53061042004,0,0,41.4447027405918,53.94446876698933,1623,134,0,343,18,69,688
53061042005,9253.45161936084,0,2055.896403867326,571.1208363537241,1920,46,2165,856,139,484,3689
53061042006,7350.9198929657305,3170.407828861639,24238.15363040146,2312.2972950956982,2169,166,1655,1137,429,1210,4598
53061050102,23.8625711308975,0,0,15.3602106337043,2354,152,0,408,0,145,713
53061050200,0,1598.44081964807,0,0,1583,0,0,305,255,122,683
53061050401,1093.80000004141,0,0,1640.700000062117,2926,42,0,706,164,95,1026
53061050402,557.758461198174,557.758461198174,8.5,263.1877254563206,2293,272,0,2687,340,54,3354
53061050500,241346.0697701276,2665.2313617043537,49.598924920196,4129.865495239959,3698,382,58,2872,273,333,3918
53061050700,14604.228672087758,501.31054175297197,123.2250000033525,546.900000020707,2619,44,0,688,212,83,1028
53061050800,17133.961147915008,17120.97361199123,10.3005318621043,11878.129344369328,2566,412,0,495,88,137,1169
53061050900,493.412864291391,1498.532341349784,189.74852393559533,1056.00661427412,1466,679,0,741,0,82,1502
53061051000,2361.338734775908,0,377.72587504333757,491.777037630054,1714,185,0,1864,161,609,5942
53061051100,6311.760452301471,1231.103066583173,561.5550510533201,8917.67386728159,1613,33,0,493,86,208,940
53061051200,90672.10055795097,0,0,40254.62373496876,1648,4,0,65,306,42,435
53061051300,5877.25608106126,0,0,5877.25608106126,2935,124,0,256,281,53,719
53061051400,8736.603371531104,280.2130285811,28790.077436320556,2459.209152499349,3254,799,363,3808,412,1423,6806
53061051500,19309.219454630987,815.0630286013529,1855.2603566117905,6500.586486169541,2128,967,87,1493,1628,331,4505
53061051601,44355.37748000575,480.034716907634,0,6851.82233405293,1614,299,0,463,268,132,1229
53061051602,1440.104150722902,0,0,960.069433815268,1513,175,0,178,0,85,476
53061051701,2048.522985935057,2657.024215595133,0,1450.057751616096,2376,943,23,1057,615,48,2686
53061051702,2513.56465712045,273.8364995897972,870.2839342329826,4849.314286579796,1661,0,0,2853,195,327,3527
53061051802,8020.948377727957,4367.375207966549,12655.709329221818,8079.214171377973,2141,3771,0,2868,243,151,7076
53061051803,344.08148942722437,280.10266903444,0,284.3776690346532,2707,84,0,350,112,125,733
53061051804,5.806250000000075,542.979209203048,505.92153044131237,1479.0260726936958,2070,0,0,958,73,56,1444
53061051905,8538.42124443305,2027.807459259784,5157.867458966212,13423.280438365855,3224,1164,200,1511,176,381,3431
53061051912,2562.2249361536456,1128.520030354878,0,4.27500000021325,878,104,964,316,98,1499,2982
53061051913,17093.953542038453,0,0,1839.406133185652,1644,0,0,154,109,81,363
53061051914,0,0,4.41179807290737,0,1681,0,0,104,73,63,247
53061051915,3757.55210121207,0,0,0,2603,0,0,287,90,132,519
53061051916,510.3441501461728,0,976.3569992132357,812.4122386932097,1332,203,0,707,148,95,1152
53061051917,0,0,20.8031237262174,0,1555,0,0,54,151,34,266
53061051918,6239.854137685265,1641.276385564257,2049.597042564645,612.1923906452502,1866,342,0,755,108,200,1459
53061051921,325.4418512450654,0,0,0,2025,69,0,205,0,48,465
53061051922,31425.028794199305,0,1067.098346842488,1250.9846880651767,1859,77,1367,207,105,40,1797
53061051923,1665.1715289867611,476.2713547103942,0,1663.690781693748,2291,178,25,1135,5,341,1684
53061051924,5235.747447318419,0,0,5235.747447318419,2665,175,0,452,0,59,693
53061051925,66361.27996501852,1971.95500770706,20302.064792867623,38718.58563150879,2753,437,1459,6490,600,1181,10169
53061051926,1190.5675991755543,546.900000020704,0,563.1675991508366,1838,642,343,583,107,133,1889
53061051927,0,0,0,5.19375,1785,0,0,121,0,93,225
53061051928,290.0946447443275,0,0,290.0946447443275,2104,316,0,336,77,153,1667
53061052004,1823.0000000690275,729.2000000276113,0,734.4704123222756,2594,264,0,406,411,49,1130
53061052005,6.22651210852255,0,0,0,2472,0,0,239,71,49,593
53061052006,1663.690781693748,0,0,0,1501,0,0,102,74,68,250
53061052007,36292.0432344124,0,0,3327.381563387496,1789,0,0,208,70,443,946
53061052104,4724.76620088593,0,0,4724.76620088593,1240,41,197,60,100,187,584
53061052107,3367.45678380357,0,0,3244.218942578074,1734,157,0,338,102,230,859
53061052108,1101.27417472616,0,0,89.63677742470992,2147,91,210,653,316,1012,2281
53061052115,22504.8275208568,0,0,0,2285,0,0,408,152,43,849
53061052118,0,0,0,1609.69308513175,2514,15,0,464,356,102,937
53061052203,639.487484038358,1017.56372154377,8765.09725293132,3692.1786486696683,1807,959,0,1159,136,191,2530
53061052204,0,0,1278.974968076716,0,1754,114,1374,396,125,714,2723
53061052208,490.233966610411,490.233966610411,0,0,1627,227,0,904,692,148,2001
53061052209,1429.7696655081982,1129.721450648769,1265.39440967648,984.3334428353407,978,119,0,391,1996,151,2758
53061052401,5908.050552989249,3902.54200597653,0,11.7966811168549,1541,288,39,843,658,188,2015
53061052402,2222.356168039108,3003.466866930897,7694.78797749612,25148.29510052147,1783,276,37,1177,260,114,1865
53061052502,1372.2724224777737,139.2362112181819,1265.39440967648,0,1730,707,125,440,151,325,1749
53061052604,14473.95615676977,14473.95615676977,0,0,1731,505,0,922,130,51,1629
53061052605,705.3250000267037,546.900000020706,0,158.4250000059977,2099,38,50,331,661,477,1558
53061052606,1879.071397795574,0,0,0,1770,55,0,111,0,74,346
53061052607,0,2131.35068300824,0,0,2055,27,0,127,179,234,602
53061052705,1093.800000041408,1093.800000041408,0,0,2707,0,0,141,0,89,537
53061052803,3862.267530384305,1577.0716759101608,518.192787308031,1378.3357507730875,2154,833,1387,1100,670,1248,5239
53061052804,497.855573407279,4014.563003610287,0,0,2755,332,30,375,309,341,1448
53061052805,0,0,22216.5995684964,0,1740,499,0,891,26,56,1477
53061052806,0,0,6066.95984446788,0,2528,0,0,81,133,84,309
53061052903,3568.329936346814,534.850014112874,551.352422488561,7169.664689445002,1767,376,106,1596,517,344,2939
53061052904,1991.422293629116,6933.52883459228,0,0,2125,0,0,158,185,68,476
53061052905,8531.63429754131,302.028824674705,3349.93386494015,9089.07327503129,1886,410,84,1156,370,82,2100
53061053102,492.900000018664,0,0,985.800000037328,1951,627,0,661,396,195,1878
53061053301,3308.1145349313665,0,24639.010500279463,1102.704844977122,2542,506,414,1775,886,148,3728
53061053504,1455.5397874841237,136.72499995528517,836.9272482716384,1609.269323158904,2676,369,0,874,1250,102,2621
53061053508,6369.790496552925,0,0,0,1217,251,147,392,37,338,1165
53061053509,501.3249999690926,136.72499995528517,0,0,1593,152,1213,649,162,1359,3534
53061053602,1557.081859259078,0,0,0,2319,0,167,109,214,290,787
53061053603,2959.923094179906,0,0,0,1408,46,0,83,53,149,351
53061053604,0,0,11.7966811168549,11.7966811168549,1785,112,10,251,168,112,655
53061053700,0,0,0,1489.4136797285332,1325,63,218,77,165,62,609
53061053803,35048.703009215074,0,0,20.5661084155134,2159,56,24,159,107,66,422
53061940001,212.25469215860278,186.57500000711556,0,0,2259,2422,0,540,3889,285,7839
NA,63353.84765806066,3517.375409333348,18982.798904981395,226455.6531806057,NA,NA,NA,NA,NA,NA,NA
